,GDP,Life expectancy,Enrollment primary education,Enrollment secondary education,Enrollment tertiary education,Renewable energy consumption,Fossil fuel energy consumption,Education
count,581.0,581.0,581.0,581.0,581.0,581.0,581.0,581.0
mean,13789.974271306288,70.46758483874336,105.50005378978771,79.51211408641605,38.70026760019491,31.724306309040628,66.557583975866,223.7124354763987
std,18851.319781478567,8.65616209313304,12.091132849666376,25.510985100545046,27.014700725335878,28.557919103401158,28.14199612813599,50.25743610559922
min,214.230990840075,47.4834146341463,64.7818984985352,13.831239700317399,0.717199981212615,0.0,3.1440170363290036,80.10996818542486
25%,1603.8500804889902,64.607681710804,99.19476318359379,60.061458587646506,14.3648900985718,8.67849741480222,47.3752124579521,188.1691160202023
50%,5688.66673216525,72.7550243902439,104.417198181152,88.1920013427734,34.513671875,22.643677517032,74.4628232768799,228.8181953430177
75%,17441.0925450303,76.5895609756098,110.88981628417999,97.37734985351558,64.05192222915778,49.9131719386059,89.1924751087333,265.5239868164067
max,113239.56097199,83.4804878048781,164.858444213867,135.53543090820298,116.621566772461,96.855982963671,100.0,327.215759277344
