,GDP,Life expectancy,Enrollment primary education,Enrollment secondary education,Enrollment tertiary education,Renewable energy consumption,Fossil fuel energy consumption
count,681.0,698.0,549.0,516.0,477.0,594.0,496.0
mean,14835.056222691323,70.58058032732345,104.85279686377133,80.77153655170471,39.38220427108761,31.0649814486751,69.37976108042048
std,22436.245035260697,8.567797630488,11.759976132222755,25.36571077921939,27.09833854409631,28.487960565771743,26.23162344999646
min,214.230990840075,47.4834146341463,64.7818984985352,13.831239700317399,0.717199981212615,0.00826393674766115,3.20888929606774
25%,1662.2876408499899,65.16332317073176,99.0228118896484,66.14430236816405,14.3683595657349,8.449239176423772,51.268734688803264
50%,5724.53710231112,72.81081707317074,103.68224334716801,88.11540985107419,34.513671875,21.156819349133546,77.11011484315404
75%,16554.889115691,76.68510365853655,109.913047790527,98.39272499084473,62.6964797973633,49.4500795500474,89.51446771307609
max,163351.64668556198,83.4804878048781,164.858444213867,135.53543090820298,116.621566772461,96.855982963671,100.0
